{"mutau__lepD": {"data": 23872.0, "w_lnu": 2177.7196143865585, "dy": 21486.97407752648, "tt": 200.11639815475792, "st": 296.3618013551459, "vv": 115.72527637053281, "vvv": 1.1491284646854183, "h_ggf_htt": 1289.2577683631364}, "mutau__lepD__a1dm10_2": {"data": 5651.0, "w_lnu": 415.8985763788223, "dy": 4995.576946016401, "tt": 39.5673469719477, "st": 58.76217503612861, "vv": 24.904389316681772, "vvv": 0.20158660618108115, "h_ggf_htt": 268.07392618199424}, "mutau__lepD__a1dm2_2": {"data": 2758.0, "w_lnu": 294.7244999408722, "dy": 2173.062751211226, "tt": 24.92199027352035, "st": 36.82787961140275, "vv": 14.861185187473893, "vvv": 0.11551926078027464, "h_ggf_htt": 138.42798641997638}, "mutau__lepD__a1dm11_2": {"data": 1183.0, "w_lnu": 147.53973644971848, "dy": 1021.2570062503219, "tt": 10.939949641004205, "st": 15.454476948361844, "vv": 5.745638004038483, "vvv": 0.05147087774457759, "h_ggf_htt": 58.657453563901015}, "mutau__lepD__pi_2": {"data": 3567.0, "w_lnu": 359.7240116596222, "dy": 3363.6149433366954, "tt": 24.928259447216988, "st": 34.339549887459725, "vv": 14.96393504878506, "vvv": 0.1662174790935751, "h_ggf_htt": 210.90137409417986}, "mutau__lepD__rho_2": {"data": 10713.0, "w_lnu": 959.8327899575233, "dy": 9933.462430711836, "tt": 99.75885182106867, "st": 150.97771987179294, "vv": 55.2501288135536, "vvv": 0.6143342408859098, "h_ggf_htt": 613.1970281030848}}